n,gamma,beta_partial,energy_mean_partial,Jminus1_over_gamma
1,14.134725141734696,0.01589242166967712,0.012678766891304897,0.112458050203024
2,21.02203963877156,0.019392168844532095,0.015039431538403971,0.11242087052848859
3,25.01085758014569,0.021090676623542106,0.016362683020681557,0.11574065878534881
4,30.424876125859512,0.0223610729620534,0.017316518827243006,0.11447598894446179
5,32.93506158773919,0.02332606058185352,0.017995172514807048,0.12164568911608421
6,37.58617815882568,0.02370350954514484,0.018266172008231493,0.11368728218445852
7,40.9187190121475,0.024241027024615877,0.018679375642457478,0.11542716085312099
8,43.327073280915,0.02455790084192284,0.018924798628048918,0.11587661350741911
9,48.00515088116716,0.02491083821911131,0.019178572460382234,0.11305682133648166
10,49.7738324776723,0.025311760959152364,0.019461863968190076,0.11901815634280734
11,52.970321477714464,0.02543280326564984,0.019549383040596204,0.11504212762488328
12,56.44624769706339,0.02554474350688988,0.019634559413814704,0.1111174533007223
13,59.34704400260235,0.025837862402795522,0.019858137544772805,0.11438468285054819
14,60.83177852460981,0.026035373178793945,0.0200064333378546,0.1176007426262611
15,65.1125440480816,0.026125498518580488,0.020070844285805533,0.11280350589083986
16,67.07981052949417,0.026265211654232734,0.020171028252156917,0.11418151477370757
17,69.54640171117398,0.0263517152841844,0.02023475096181191,0.11314002070487028
18,72.0671576744819,0.026395530144987783,0.02026791428910837,0.11076150554974894
19,75.70469069908393,0.02650572013834383,0.020350882818824582,0.1096106600196078
20,77.1448400688748,0.026663901561413145,0.02046819716441338,0.11366613132509355
21,79.33737502024937,0.02670956251504608,0.020501286079486713,0.1123362830750805
22,82.91038085408603,0.026751724208171665,0.020531755281948172,0.10924305861126202
23,84.73549298051705,0.026811326317859527,0.02057554583231847,0.10941537466212323
24,87.42527461312523,0.02689204662155843,0.02063633783496705,0.10957764438995808
25,88.80911120763446,0.026945576898571792,0.020676855741581894,0.11024725297244095
26,92.49189927055848,0.026971464800507543,0.020696070481470593,0.10705473827118543
27,94.65134404051987,0.027073462833308717,0.020770317608393905,0.10943957357172375
28,95.87063422824532,0.027149328615178714,0.020825170133694105,0.11168446178627321
29,98.83119421819367,0.027165893583314584,0.020837215457504096,0.10915746160143491
30,101.31785100573138,0.027185470570583146,0.02085175053245441,0.10747016955546973
31,103.72553804047834,0.0272250404323702,0.020881564198283027,0.10702781206635217
32,105.44662305232607,0.0272762748139539,0.020920159828712998,0.10798222610494994
33,107.1686111842764,0.027295850872768652,0.02093477266571428,0.1072961571375993
34,111.02953554316969,0.02735995529538641,0.020981318559967804,0.10712387102272124
35,111.87465917699264,0.0274462025738238,0.02104379629224704,0.11113917460234872
36,114.32022091545272,0.027469805388861325,0.021060996204184296,0.11011082778498991
37,116.22668032085755,0.027485024100023715,0.021072238139878883,0.10918911285530823
38,118.7907828659762,0.02749440166037409,0.021079276606296334,0.10738925637544744
39,121.37012500242064,0.027520180094724258,0.021098622191638397,0.10667142629275066
40,122.94682929355258,0.027574607145337767,0.02113912325487558,0.10864931427702523
41,124.25681855434576,0.027598757819609087,0.021156928604100924,0.10900433587667265
42,127.5166838795965,0.02760668731829919,0.021162685818836787,0.10672330386142372
43,129.57870419995606,0.027628367458228557,0.02117849272551296,0.10642965072780612
44,131.08768853093267,0.027649997438820666,0.02119440254764407,0.1066222441606534
45,133.4977372029976,0.027671410729732854,0.021210393743930682,0.1061267145790918
46,134.75650975337388,0.027685284250199615,0.0212208010690372,0.10607016196048104
47,138.11604205453344,0.02769578500245089,0.02122862346255756,0.1042152837850702
48,139.7362089521214,0.027727345128090816,0.021251899429033057,0.10521203747819813
49,141.12370740402113,0.027752000908229813,0.021269937005490885,0.10591739436169761
50,143.11184580762065,0.02775894582568241,0.021274988680972853,0.10494292476528272
51,146.0009824867655,0.02776783985394149,0.021281511869687363,0.10351554044993937
52,147.4227653425596,0.02777943461407008,0.02129008793600979,0.10337188573334856
53,150.05352042078488,0.027813273397302968,0.021315422284264487,0.10409840075229354
54,150.92525761224147,0.027848346104510695,0.0213417109717263,0.10614384101757808
55,153.0246938111989,0.02785309253497287,0.02134525336695541,0.10505075535194996
56,156.11290929423788,0.02786165540513331,0.02135153922311606,0.10364104224100283
57,157.59759181759406,0.027888156700048673,0.021370877015162576,0.10475296032283428
58,158.8499881714205,0.02790553223917893,0.021383534726958905,0.10530713855091826
59,161.18896413759603,0.02791150254087353,0.02138791020089965,0.10426022889920088
60,163.030709687182,0.027915947513961155,0.021391199601090847,0.10344474597564397
61,165.5370691879004,0.027922282320382664,0.021395936375891367,0.1024028397911224
62,167.1844399781745,0.027934144194372373,0.021404812020208778,0.10238537107489985
63,169.09451541556882,0.02796378854387156,0.021426863297416356,0.10373520610822522
64,169.9119764794117,0.027981477984858928,0.021439969480507984,0.10473896410574837
65,173.41153651959155,0.027986949478071104,0.021443963711937162,0.10309967617679745
66,174.75419152336573,0.02799875843340201,0.021452578968697907,0.10333939108824299
67,176.44143429771043,0.02800784503483295,0.021459236478469014,0.10315282846630705
68,178.37740777609997,0.02801574582320688,0.02146507811804413,0.10273795229124388
69,179.916484020257,0.02802077167721786,0.021468820108174486,0.10231121199300118
70,182.2070784843665,0.02802317114223535,0.02147061423631668,0.10124362024680185
71,184.8744678483875,0.028049375641488,0.021490072065850303,0.10220515518947595
72,185.59878367770747,0.028087554746002868,0.021518326851568192,0.10534931383669993
73,187.22892258350183,0.02809464975030981,0.02152353800757841,0.10509627273447447
74,189.41615865601693,0.028096838245162074,0.021525136207827786,0.10408996920187462
75,192.0266563607138,0.028103908799856196,0.02153032181501362,0.10335379490888849
76,193.0797266038457,0.02811329570927146,0.021537236547261134,0.10369631315981101
77,195.26539667952923,0.028119752947761555,0.021542038830731636,0.10316604782988831
78,196.87648184095832,0.02813059984843391,0.021550138523580138,0.10338957323524411
79,198.01530967625192,0.02813571468220003,0.021553958759805574,0.10330136890501343
80,201.2647519437038,0.0281400297277782,0.021557149332350162,0.10206779254631497
81,202.4935945141405,0.028149810875391264,0.021564343211619617,0.1024387049171186
82,204.18967180310452,0.028160937639129587,0.021572483758552894,0.102723801894963
83,205.3946972021633,0.028166983299349083,0.021576902089565152,0.10274201095159508
84,207.90625888780625,0.02816925093628428,0.021578568410847394,0.10173659005441675
85,209.57650971685624,0.028171936110555598,0.021580555290784887,0.10120716165896668
86,211.6908625953653,0.028176008355730604,0.02158359033494052,0.1006273428696824
87,213.34791935971268,0.028186113584041064,0.021591132727414128,0.10092374872989308
88,214.54704478349143,0.0281950147581326,0.021597764806409778,0.10131454103808234
89,216.1695385082637,0.02819721096585202,0.021599392496896394,0.10079148703958496
90,219.0675963490214,0.02819965650445241,0.021601185421889327,0.0997259811832903
91,220.714918839314,0.028218501630222725,0.02161496850043293,0.10106137965529273
92,221.43070555469333,0.028234061350292553,0.0216263523519587,0.10245740196741608
93,224.00700025460432,0.028239746732206788,0.02163054108054063,0.10191582972084348
94,224.9833246695823,0.02824448739133539,0.021634047308957027,0.10200684903492918
95,227.4214442796793,0.028245948190498825,0.021635135879497662,0.10107937240329248
96,229.33741330552536,0.02824870167474204,0.02163718877359593,0.1005506581601307
97,231.2501887004992,0.02826579958320104,0.021649876764176228,0.10169591449533519
98,231.98723525318024,0.028283068348153948,0.021662657203417784,0.10337589226955013
99,233.6934041789083,0.028285032162973095,0.021664101396452272,0.10285062299038131
100,236.5242296658162,0.028287272110615047,0.02166574081289217,0.10188456385461597
101,237.7698204809252,0.028291369589552934,0.02166874451601788,0.10183795773459171
102,239.55547757332764,0.028295505767716087,0.021671792995505184,0.10157427733321822
103,241.04915779621655,0.02829954568290731,0.02167478687978151,0.10143177544046052
104,242.8232719342226,0.028303253466491894,0.021677547933589426,0.10114086510497097
105,244.07089849707816,0.028305153804264384,0.021678964582743324,0.10085576901687782
106,247.1369900748975,0.028309361379589382,0.021682082008863842,0.10012443330243384
107,248.10199006014847,0.028318721994151284,0.021688993541052186,0.10089619464176665
108,249.5736896447072,0.028324717510942378,0.02169339885698037,0.10104938914944384
109,251.014947795016,0.02832736734761918,0.02169534017915922,0.10080176723463308
110,253.06998674799948,0.028328404141552653,0.021696100297172217,0.1001144040324402
111,255.30625645491403,0.028331213014500367,0.02169817264059351,0.09959604821065973
112,256.38071369443446,0.028334601861676575,0.021700682206877656,0.09961307369044485
113,258.6104394915314,0.02833882419503094,0.02170382627928511,0.09930018671837623
114,259.874406989678,0.028348491407961925,0.02171102853260194,0.10007334941850789
115,260.8050845045969,0.02835264886194552,0.021714122810429365,0.1002583843156815
116,263.57389390487015,0.02835343191442511,0.021714701055402512,0.09930837952344612
117,265.5578518388764,0.028357869645405608,0.02171795892887986,0.09915569512768024
118,266.6149737815011,0.02836586523107879,0.021723818928782286,0.09982842036823525
119,267.92191508282406,0.028369313513184113,0.021726346082470798,0.09980338733398988
120,269.9704490239976,0.02837090566568261,0.021727517774081054,0.09926099770560295
121,271.494055641645,0.028372216143717734,0.021728486908630006,0.09888184567738681
122,273.4596091884033,0.02837322371063287,0.021729236073749367,0.09830887466160337
123,275.58749264934386,0.028378606035838323,0.021733243630140314,0.0982914591979918
124,276.4520495031329,0.028385880964170197,0.021738654573689325,0.0989896570585819
125,278.25074352984194,0.028390325715703133,0.021741945454566567,0.09896813872674085
126,279.2292509277452,0.02839248299298258,0.021743537727310656,0.09892251156725075
127,282.4651147650521,0.028396138670500604,0.021746217563330998,0.09830557737038277
128,283.2111857332339,0.028402449944262116,0.021750844331743978,0.09894032274905232
129,284.83596398090475,0.02840485633812318,0.02175261274182569,0.09871865628870663
130,286.6674453630029,0.028407595309873433,0.021754636146940103,0.09848054372146547
131,287.9119205014222,0.02840999863889081,0.021756418199822426,0.0984008444075628
132,289.5798549292188,0.02841086028690835,0.021757059254977378,0.09795882934326215
133,291.8462913290674,0.028411760408596873,0.021757728618560575,0.09732944411174015
134,293.5584341393563,0.028414919721205235,0.02176006877796064,0.09722550509210245
135,294.9653696192655,0.028429737752429105,0.0217709985678082,0.0989471650019038
136,295.57325487895827,0.02843917588174637,0.02177794807232839,0.10013850044040555
137,297.97927706194344,0.028439830444961012,0.02177842809967389,0.09942745939112499
138,299.8403260537213,0.028440706681387123,0.021779071573087675,0.09894169889074296
139,301.64932546219416,0.028443298590979153,0.02178098344302399,0.09873926773017394
140,302.6967495896069,0.028445989497797836,0.021782974466327695,0.0988048648903644
141,304.8643713408573,0.028450174154297594,0.02178608589305222,0.09874022866290028
142,305.7289126020368,0.028454813265058138,0.021789537774106554,0.09917016774858887
143,307.2194961281701,0.028455638322916806,0.021790151222324156,0.09881574603755341
144,310.1094631467019,0.028457258813216157,0.02179134779669083,0.09814612930070966
145,311.165141530356,0.02846177706501336,0.02179467443246888,0.09851611562915297
146,312.4278011806009,0.028465228668719117,0.021797209127794998,0.09865715806467298
147,313.9852857311589,0.028467090126575754,0.02179857469639229,0.09846001756014076
148,315.4756160894757,0.028467967577072994,0.02179921941001027,0.09813329255365044
149,317.7348059423702,0.028469070020059398,0.021800034015417004,0.09761067807228024
150,318.8531042563166,0.02847030699818269,0.021800950788988374,0.09746554042990103
151,321.1601343091136,0.028473065746979772,0.021803002773201827,0.09720840507538463
152,322.14455867248296,0.028478173252784105,0.021806801285318908,0.09773403068197976
153,323.4669695575121,0.028480845643706582,0.021808785238269967,0.09776668655265659
154,324.8628660517396,0.028481622089264403,0.021809359749386095,0.09747271437346448
155,327.44390126190547,0.028482252106393765,0.021809822904837347,0.0968075458827192
156,329.03307168048093,0.028485783103265046,0.0218124141445512,0.09692089160319564
157,329.9532397282339,0.02848998172120752,0.02181549598587002,0.09734327563699575
158,331.4744675826634,0.028491323939545298,0.021816483400281573,0.09711899652845984
159,333.64537852486984,0.02849534077725287,0.021819454741034337,0.09715717918669642
160,334.2113548332444,0.028498682461945878,0.02182193021624205,0.09755106232551759
161,336.84185042839067,0.028499269199205108,0.02182236652628754,0.09688807686846783
162,338.3399928508066,0.028500718534297573,0.021823443335677813,0.09670424876264573
163,339.85821672536355,0.02850391011501284,0.021825807648272244,0.09681459254996991
164,341.04226111104657,0.028508298553938535,0.021829048749080423,0.09722679088743746
165,342.0548775103636,0.028509842637488493,0.021830186231274463,0.09720304272768908
166,344.6617029402523,0.028510280797286326,0.021830507866409894,0.09654336271214474
167,346.34787056601,0.028512317751830926,0.021832004986042555,0.09642609704158901
168,347.2726775844205,0.028514464105181794,0.021833585277029454,0.09654199453587917
169,349.31626087069617,0.028516345372108946,0.021834977420459152,0.09630578012205954
170,350.4084193491921,0.02851864078333202,0.021836680182515875,0.09640777927832248
171,351.87864902535927,0.02851964396221384,0.02183742580905399,0.09618146444282667
172,353.4889004887188,0.028520035728342896,0.021837716920455198,0.09581257069998082
173,356.0175749772649,0.028521382750428148,0.02183871308396722,0.09537182810115033
174,357.1513022520396,0.028527891540307604,0.021843512986676753,0.09623139712899377
175,357.95268510163226,0.02853252953943057,0.021846927157200303,0.09684604845251646
176,359.74375495311443,0.02853344923097152,0.02184760254436598,0.09652930432855213
177,361.28936169580464,0.02853396164007796,0.021847978978620224,0.09620891322161632
178,363.33133057897385,0.02853455782052347,0.021848418542617376,0.09577651245779638
179,364.736024114089,0.02853558818120824,0.02184918082219014,0.09559555731714761
180,366.2127102883313,0.028536671150038377,0.021849984474180364,0.09540838445707009
181,367.9935754817403,0.02853932038813919,0.021851953461734377,0.09543411807769522
182,368.9684380957344,0.028542921766719596,0.021854628948949184,0.09584636745732217
183,370.050919212106,0.028543835126284847,0.021855306493176185,0.09573499062965649
184,373.0619283721129,0.0285449850104869,0.02185615375686928,0.09517679615611942
185,373.86487391090856,0.028547002311608265,0.021857637853692113,0.09534948567143965
186,375.82591276673935,0.02855395830475057,0.021862746660760504,0.09615908087091056
187,376.324092230668,0.028560181262163822,0.021867317762099176,0.09720271152977802
188,378.4366802499655,0.028560847632594682,0.021867808701176984,0.09678617604479443
189,379.8729753465324,0.028561468441042348,0.02186826757809864,0.09653814307144755
190,381.4844686171865,0.028561883975228942,0.021868575769707445,0.09620959997693707
191,383.44352944953647,0.028562585621667875,0.02186909712630681,0.09585257424926626
192,384.95611681486366,0.028565605287993276,0.02187133877239085,0.09605716637647607
193,385.8613008459743,0.0285690893948182,0.021873921460402318,0.09650401998460754
194,387.222890222388,0.0285701416656834,0.021874699204416048,0.0963684155378729
195,388.8461283542322,0.028570436577559255,0.02187491640145752,0.09602346336025479
196,391.45608356363806,0.028571964706517794,0.02187603901170627,0.09568234428403402
197,392.2450833395191,0.02857529416841296,0.021878485970938593,0.0961428631337865
198,393.427743844434,0.028576593496551925,0.02187944242457228,0.09610944988643391
199,395.5828700109937,0.028578511328801116,0.021880860663184554,0.09596517926388051
200,396.3818542225922,0.028580645870034806,0.021882441834444998,0.09619479028296421
201,397.9187362096142,0.028581086360837133,0.021882768892442405,0.09591089694520728
202,399.9851198761949,0.028581371171264476,0.02188298038506039,0.09547236679104969
203,401.8392286005332,0.02858270462882406,0.021883967803353874,0.09529977013268928
204,402.8619177638861,0.028585286394861065,0.021885875376431833,0.0955778943545658
205,404.236441800208,0.028588022083993945,0.021887890803337567,0.09580583457557798
206,405.13438745990993,0.028589237762178903,0.02188878508714618,0.09583974604494724
207,407.5814603868962,0.028589573530632528,0.021889031875583418,0.09533276166546652
208,408.9472455023511,0.02859015260715111,0.021889458217859047,0.0951327792972005
209,410.51386919336665,0.02859090881288602,0.02189001672688628,0.09492494549762953
210,411.9722678042788,0.028592057873944022,0.021890867965847563,0.0948255983171268
211,413.262736070185,0.028593204492203712,0.021891719026962117,0.09476642032725774
212,415.01880975515513,0.02859763203480602,0.021895007139447194,0.09528419218764712
213,415.4552149962946,0.0286007880835573,0.02189735034280364,0.09583970253605481
214,418.3877057895348,0.028601118224568182,0.02189759425577464,0.09523702302668462
215,419.8613648181523,0.02860371566708789,0.021899507590679337,0.09544803706073662
216,420.6438276250418,0.0286069054761003,0.021901854428025724,0.0959413765815362
217,422.07671005882673,0.028607871862079432,0.021902564660300786,0.09581961585782683
218,423.7165796274818,0.02860845994143292,0.021902997238711044,0.09557336406424036
219,425.06988249446135,0.02860882653677713,0.021903267479726717,0.09534699980059698
220,427.2088250840746,0.02860948671126682,0.021903756262832273,0.09501063428237179
221,428.1279140766167,0.028610245567594412,0.02190431898130027,0.09496911301627585
222,430.3287454309386,0.02861177692254804,0.021905456102370508,0.09481290572233078
223,431.3013069307036,0.028616134074192945,0.02190868946795414,0.09553873152670639
224,432.1386417345886,0.028618229096551477,0.021910242435638796,0.09580628126605867
225,433.8892184809272,0.028618464286769073,0.02191041619556712,0.0954707629481684
226,436.16100643264696,0.028618778599746295,0.021910647473212714,0.0950420396129048
227,437.5816981676686,0.028620067046134724,0.02191159457462386,0.09501536830509975
228,438.6217386562722,0.028621802159880416,0.021912870385051506,0.0951706018599383
229,439.91844221437066,0.028622642741303772,0.021913489390013446,0.0950749708770236
230,441.683199201189,0.028623298024482498,0.02191397354570053,0.09483981026935637
231,442.9045463026095,0.028623927646434042,0.021914439840342262,0.09471771278525051
232,444.3193362775592,0.028624180781081927,0.021914627676844416,0.09447235150946844
233,446.8606226964295,0.028626016466819827,0.021915989610372135,0.09434523769784339
234,447.4417041944933,0.028628826791055353,0.021918073156085877,0.09485144278390173
235,449.1485456850233,0.02863052209096116,0.021919326244416705,0.09487171225225077
236,450.1269457803135,0.028632092456600665,0.021920484751537624,0.09501893060108146
237,451.4033084453888,0.028632448691451404,0.02192074699788162,0.09483066329852242
238,453.9867378066779,0.028632907469483253,0.021921084359545567,0.09439516538200607
239,454.9746837686168,0.02863388319833336,0.021921802525485964,0.09441215905962536
240,456.3284266892461,0.028634588940100226,0.021922323105094274,0.09429310136176497
241,457.903893064103,0.02863525527487334,0.021922816111641465,0.09412123488111764
242,459.513415281106,0.02863798054575657,0.021924837467300253,0.09441770959760733
243,460.08794442217584,0.028640073670737697,0.02192639076437175,0.09478131800194883
244,462.0653672748825,0.028640245099547885,0.021926517966723902,0.09441530416097903
245,464.0572869105482,0.028640513327720087,0.021926716444668082,0.09407227257264039
246,465.6715392113711,0.028642300005183956,0.02192803447834037,0.09416217355582476
247,466.5702869308262,0.02864619465960208,0.021930903239617355,0.09488935635590408
248,467.43904621026167,0.028647680841576716,0.02193199676110321,0.09506034979309493
249,469.536004559112,0.028648015537410695,0.021932242924884195,0.09471438409592173
250,470.77365547810166,0.02864830530712344,0.021932456315505132,0.09453359065026315
251,472.7991746619088,0.028648761800010896,0.021932793672673277,0.0942365140975474
252,473.8352323451397,0.028649384598029713,0.021933254793607235,0.09417801457517908
253,475.6003393693758,0.028650165589593594,0.02193383428593394,0.09401420956716582
254,476.7690152374845,0.02865142096906641,0.02193476602931412,0.09408302140695549
255,478.07526376667096,0.02865279055673,0.021935781642034104,0.09415334103139754
256,478.9421815346348,0.028653328856269096,0.02193618034872236,0.09411182442921107
257,481.8303393762866,0.028653751066893534,0.021936491484569318,0.09364942216232464
258,482.8347827909824,0.028655235795125345,0.02193758418709832,0.09381304244061255
259,483.8514272124825,0.028656381702145024,0.021938426962075923,0.09389315183691688
260,485.539148129356,0.02865728956327156,0.0219390950327356,0.09378718307911725
261,486.5287182616513,0.028657957578444252,0.02193958719988457,0.0937589300476097
262,488.3805670900175,0.028658268833362588,0.021939817257044296,0.09347941902357453
263,489.66176157795616,0.02865854603136729,0.02194002258602242,0.09330269787823411
264,491.398821593663,0.028658765649388213,0.02194018554622499,0.09302683952651093
265,493.3144415817853,0.02866075493651142,0.021941660903064705,0.09315627375768476
266,493.9579978053695,0.028663697394766548,0.021943841617224666,0.0937616306707199
267,495.3588288221313,0.028664800580657217,0.02194465741074879,0.09376971777417849
268,496.4296962157591,0.028665223133146896,0.021944969284131352,0.09367232745519219
269,498.58078242968656,0.028665357675869526,0.021945068291990107,0.09330172606263618
270,500.3090849416905,0.028665797732460734,0.021945392002958232,0.09308950035384304
271,501.6044469651455,0.0286678489144583,0.021946902516040718,0.09336354407470267
272,502.2762703271183,0.02866934363711247,0.021948004272902187,0.0936140472037061
273,504.4997733134277,0.02867013701955196,0.021948591306206466,0.09340158891863481
274,505.4152317422444,0.028671416911579622,0.02194953962177497,0.09355584943339951
275,506.4641527095236,0.028671805926753297,0.021949828168447535,0.09346060025891896
276,508.8007003364678,0.028671967773749116,0.02194994818945642,0.0930725783915347
277,510.2642279436728,0.028672478368313277,0.021950326127299517,0.09293589905247096
278,511.5622897003746,0.02867378301407056,0.02195128968231054,0.093033783318485
279,512.6231445314074,0.028675424166986638,0.0219524996292751,0.09326190019420647
280,513.6689855554737,0.028676073895187098,0.0219529779907503,0.09323888974470783
281,515.4350571672994,0.028676215391648344,0.021953082080524607,0.09295588489121091
282,517.5896685724674,0.0286769359853609,0.021953613124609243,0.09275541618971613
283,518.2342231475501,0.02867781821228852,0.02195426392527299,0.09286865181082851
284,520.1063104117233,0.028678209435654897,0.02195455343431104,0.09263611638442382
285,521.525193449492,0.028679278351078134,0.021955345909214573,0.09266282014774886
286,522.4566961777302,0.02868030859414615,0.02195611018957905,0.09276673794252306
287,523.9605308920159,0.028680782467079526,0.02195646165084245,0.09262463083687326
288,525.0773856872796,0.028680978697029846,0.021956607030892188,0.09247913356786541
289,527.9036416012724,0.02868248897889144,0.0219577209260661,0.09238266684918689
290,528.4062138522927,0.028685156641954715,0.021959686984721137,0.09299960630353406
291,529.8062263187069,0.028686274309841872,0.021960509515544128,0.09304992889578136
292,530.866917883961,0.028686893421376675,0.02196096500973488,0.09302834478826404
293,532.6881830282937,0.028687243423586552,0.021961222831682187,0.09280350123856518
294,533.7796307537687,0.028687518609242613,0.02196142585525611,0.09268718527540859
295,535.6643140758732,0.02868770730178837,0.02196156549615601,0.09241161231234331
296,537.0697590831223,0.02868803514980424,0.0219618085432221,0.0922578212780801
297,538.4285261762479,0.02868845261165186,0.021962118227575256,0.09213738812892833
298,540.2131663762282,0.028693239167278336,0.021965665615032777,0.09312588571384198
299,540.6313902472951,0.02869864910138063,0.021969673039891436,0.0945162363535601
300,541.8474371212013,0.028698988531660127,0.021969924024721893,0.09439607707665683
301,544.3238901010053,0.02869912588649921,0.021970025208521947,0.09400399599472511
302,545.6368332489349,0.028699507130044936,0.021970305762875453,0.09388180844883343
303,547.0109120581222,0.0287004530624539,0.0219710019243691,0.0939046973998822
304,547.9316133644893,0.02870130704818707,0.021971630872183512,0.0939808703968409
305,549.4975675626614,0.02870167653280287,0.021971903571942352,0.09381455992421951
306,550.9700100394839,0.028702111527747515,0.021972225380276184,0.09368367943152785
307,552.0495722005649,0.028702405708644213,0.021972443333458675,0.09358167732296802
308,553.7649721191589,0.02870251710701433,0.021972525961137832,0.09332263327815551
309,555.7920205616825,0.028702968886712085,0.021972860723393873,0.09310782092801458
310,556.8994764068553,0.028705446060825764,0.021974693624586795,0.09361243482747555
311,557.5646591720586,0.028707324806745937,0.021976082305757573,0.09402451541379422
312,559.3162370286822,0.02870784985902616,0.021976469362000574,0.09387689960339096
313,560.2408074972957,0.028708132011341016,0.021976677139879462,0.09380101039073457
314,562.5592076160458,0.02870826951978827,0.021976778353080692,0.09345311916815824
315,564.1608791107861,0.02871143584232393,0.021979112521252942,0.09408096100961433
316,564.5060559381499,0.028714472384148815,0.021981352086176336,0.09488050740317051
317,566.698787682808,0.02871495659361641,0.021981710411470578,0.09465058613110011
318,567.7317579011769,0.028715806730558808,0.021982340339067773,0.09471969740061027
319,568.9239551796294,0.02871640328489019,0.021982782738184995,0.09469090657860027
320,570.0511147824636,0.02871659896970277,0.021982927855289804,0.09455944987440737
321,572.4199841324528,0.028716755696843208,0.0219830438114162,0.09421298749087902
322,573.6146105267582,0.02871717211583586,0.02198335133916508,0.09413620889550599
323,575.0938860144948,0.02871879854441138,0.021984549955686463,0.09436174354829015
324,575.8072471409288,0.02872055886815717,0.021985846298334562,0.09475164381204307
325,577.0390034720982,0.028720881632962526,0.02198608384503756,0.09464250950670162
326,579.0988346720366,0.028721086909630492,0.021986235080885586,0.09436530770121955
327,580.1369593623846,0.028721307844072373,0.021986398066931003,0.09426053209297813
328,581.9465762659016,0.028721516060514048,0.021986552090442986,0.09402800568522353
329,583.2360882191673,0.028721894351819672,0.021986832374131907,0.09393043013047929
330,584.5617059034655,0.02872239150807763,0.021987201039340435,0.09386273231402906
331,585.9845632049883,0.028723552032559663,0.021988061401851403,0.09397484466266601
332,586.7427718912502,0.028724469194896945,0.021988740928714213,0.09412247659836419
333,588.1396632662479,0.02872459040279045,0.021988830573374293,0.09393456977703873
334,590.6603975167653,0.02872482083944581,0.021989000393963013,0.09360174447984154
335,591.7258580650481,0.02872592678300531,0.021989814659222753,0.09376041327642226
336,592.5713583002256,0.02872694286382406,0.02199056254120149,0.09392768325561321
337,593.974714682231,0.028727280551614456,0.02199081121020864,0.09380605377050656
338,595.728153697389,0.028728020174352723,0.021991356932696774,0.09375025651932443
339,596.3627683283937,0.028728606018304043,0.02199178959280743,0.09382518082293012
340,598.4930773461648,0.028728776206194555,0.021991915648329072,0.09354214251153235
341,599.5456403643649,0.028728954872389287,0.0219920480981634,0.09343147912449226
342,601.6021367359326,0.028729391941874162,0.02199237206919817,0.09324356717903151
343,602.5791678863874,0.028730621329160665,0.021993282532634006,0.09346278246111188
344,603.6256189035792,0.028731828261251334,0.02199417516107035,0.09366502232254101
345,604.6162184937532,0.028732260260832684,0.02199449419737655,0.09364215917705375
346,606.383460422109,0.028732340305506785,0.021994553176097678,0.09339351768136972
347,608.4132173111873,0.02873256505413881,0.021994718617872614,0.0931503130955918
348,609.3895751547201,0.028732998545807638,0.021995037844189744,0.09313315134241881
349,610.8391629377394,0.028733598557195397,0.021995480343264682,0.0930953915926207
350,611.7742096208872,0.028734072538647504,0.021995830350303995,0.09309808783604054
351,613.5997786756371,0.028734472351852346,0.021996126337255076,0.09294376710700505
352,614.6462378722326,0.02873513405169159,0.02199661670632649,0.09298888251084479
353,615.538563369407,0.02873537662122917,0.02199679654903738,0.09292873516538241
354,618.1128313664424,0.02873554742350618,0.02199692302947897,0.09259450040824586
355,619.1844825979537,0.028736132844219366,0.021997355948450252,0.09261548465125016
356,620.2728936722275,0.02873680427750456,0.0219978517001197,0.09266120560734037
357,621.7092945279486,0.028737964533270672,0.021998706807795865,0.09280779173639245
358,622.375002739779,0.02873870071819133,0.02199924904907031,0.09293761384389938
359,624.2699000181779,0.028738788580983967,0.021999313737476177,0.09268293780020238
360,626.0192834276544,0.028738943378226446,0.02199942785963097,0.09247239245899729
361,627.268396850783,0.028739287639986105,0.02199968207875758,0.0923962195212081
362,628.3258623594604,0.02873955807131619,0.021999882076266505,0.09232567725415038
363,630.4738874382921,0.028743052445399476,0.022002472022666336,0.09311268009106759
364,630.8057809271976,0.028747219945582294,0.02200556135007208,0.09437813201795524
365,632.2251411671159,0.028747559371792793,0.022005812953122896,0.09427354786157359
366,633.5468582522518,0.028747669594048567,0.022005894574389385,0.09411178815920464
367,635.5238003106055,0.028747741917095573,0.022005947993118072,0.09384201345172881
368,637.3971931598373,0.028749307166138258,0.02200710143108203,0.09406504260835265
369,637.9255139808225,0.028752114022833068,0.02200916891037992,0.09488242258023245
370,638.9279382668568,0.0287527431495643,0.022009632110152975,0.09493454347196281
371,640.6947946688257,0.028752951325197524,0.02200978547072627,0.09473942921190791
372,641.9454996657053,0.028753158840520425,0.02200993854481359,0.09462145480546202
373,643.2788837813979,0.028753283314436235,0.022010030529064206,0.09446535983946942
374,644.990578229748,0.028753409482528018,0.02201012396350832,0.0942553536047577
375,646.3481915955016,0.028753634444157655,0.022010290714666158,0.09413007802975172
376,647.7617530042888,0.028754145549188707,0.022010669539704816,0.09409020233443247
377,648.7864008887824,0.0287548134155771,0.022011164202112975,0.09415825429064827
378,650.1975193452564,0.02875622823163782,0.022012210383527738,0.09441385860576124
379,650.668683891396,0.028757034904415644,0.02201280649404163,0.09460792981541603
380,653.6495716053947,0.028757349049079887,0.02201303787058908,0.09427915242071681
381,654.3019205863194,0.028757945021109083,0.022013476706115725,0.09438012760524206
382,655.7094630223556,0.028758308629442824,0.02201374450517977,0.09429674250865956
383,656.9640845994606,0.02875870410490215,0.022014036078115053,0.09424656820321631
384,658.1756144186054,0.02875900175311868,0.022014255855335653,0.09417103728243097
385,659.663845972964,0.028759275017969883,0.022014458027140468,0.09404871467450504
386,660.7167325952793,0.028759469055229525,0.022014601745014302,0.09396294500435635
387,662.2965864311004,0.028759541256348296,0.022014655264525732,0.09376271344635655
388,664.244604652273,0.02875974351395743,0.022014805065141092,0.0935549115216298
389,665.342763095599,0.028760386903654876,0.022015281020386558,0.09361453516451874
390,666.5151477041729,0.028762028148399947,0.022016493280820438,0.09399682692892998
391,667.1484948945555,0.028762995510719005,0.022017207202252895,0.09423027982192024
392,668.9758488202351,0.028763109223967968,0.02201729096985868,0.09401091900742588
393,670.3235852058626,0.028763186091832253,0.022017347572469977,0.09384766611326725
394,672.4581835841698,0.02876373313174285,0.022017750907990005,0.09373369429579563
395,673.0435782861476,0.028764579306127254,0.02201837521450896,0.09393692359414657
396,674.3558978101232,0.028764811789215413,0.022018547033095002,0.09383250735828134
397,676.1396743636268,0.02876518375216174,0.022018822501907426,0.09371071005927943
398,677.230180668764,0.02876658475700577,0.022019860789474297,0.0940342145260329
399,677.8004447462214,0.028767368634134587,0.022020441799457297,0.09422075557900499
400,679.7421978825282,0.028767416806309697,0.022020477475759366,0.0939679766894166
401,681.8949915331519,0.028767759176031603,0.022020730397777598,0.09378804289869325
402,682.6027350197505,0.028768416181726108,0.022021215310616408,0.09391503763676719
403,684.0135498138695,0.028769040317138533,0.022021675268519215,0.09393479146602998
404,684.9726298620984,0.028769619383776115,0.022022101761627975,0.09400158903009095
405,686.163223587728,0.028769801292711474,0.022022235729629972,0.09390089214443062
406,687.9615431847036,0.0287698929860459,0.02202230333921601,0.09368697759404744
407,689.3689413622724,0.02877005154713819,0.02202242045077712,0.09355036220743182
408,690.4747350323504,0.028770189028089616,0.022022522136028944,0.09344800510822757
409,692.4516844155208,0.028770650541272636,0.02202286409920902,0.09334099895116597
410,693.1769700606018,0.02877138752760524,0.022023410306921433,0.09349876540989631
411,694.5339086998731,0.028771811762402566,0.022023724634196492,0.09346341593963227
412,695.7263359209268,0.028772233568792806,0.022024036863422945,0.0934499570381722
413,696.6260699003457,0.028772388742755433,0.02202415160817669,0.09338331000534296
414,699.1320954760135,0.028772486609147226,0.02202422375913929,0.09308279010850196
415,700.2967391321434,0.028772933312805914,0.02202455281064413,0.09308439939631491
416,701.3017429546461,0.028773709865245085,0.022025124717924383,0.09322330327977219
417,702.2273431457605,0.028774104155483045,0.02202541517863798,0.09323886715971863
418,704.0338392955254,0.028774319667608045,0.022025574192350517,0.09307548742104442
419,705.1258139546193,0.0287746167710619,0.02202579370389438,0.0930360962105689
420,706.184654799518,0.028774746118979996,0.02202588939512886,0.09294227130537805
421,708.26907088511,0.02877486686293267,0.022025978868029445,0.0927115044227591
422,709.2295885702842,0.028775033353857313,0.022026102251900492,0.0926449843539069
423,711.1302741796854,0.02877567580706087,0.022026577831666463,0.09262579996092868
424,711.9002899143753,0.02877724258114304,0.022027736680198095,0.09308330646021674
425,712.7493834701013,0.02877795145290438,0.0220282604444746,0.09322504102186104
426,714.0827718206694,0.028778055279465097,0.022028337035588742,0.09308803470343557
427,716.1123964540521,0.02877811803450883,0.022028383259773125,0.09284667198466952
428,717.4825697031002,0.028778277710252063,0.02202850088223984,0.09272664542023737
429,718.7427865454858,0.02877864137383977,0.022028768996250263,0.09269475232590974
430,719.6971009883657,0.028778958789664258,0.02202900325043304,0.09268606126778856
431,721.3511622185364,0.028779274660810733,0.022029236835740217,0.09258745880592627
432,722.2775049756742,0.028779594271104138,0.022029473422410222,0.09258413630615273
433,723.8458210451284,0.02877990251511626,0.02202970182658418,0.09249510008332816
434,724.5626138903791,0.028780081810030382,0.022029834692720376,0.09246855207117075
435,727.0564032300493,0.02878018056238445,0.02202990775974659,0.0921872860164694
436,728.4054815889341,0.028782822001114768,0.022031859052501834,0.09297856580398388
437,728.7587497956142,0.028785537096082392,0.022033863890964678,0.09392281921045617
438,730.4164821227564,0.028785884080455227,0.022034119660043046,0.09383637628198578
439,731.4173549185986,0.02878613007903298,0.022034300881082998,0.09379793427608842
440,732.8180527144998,0.02878620240822998,0.022034354161518874,0.09364515234810789
441,734.789643252378,0.028786326186126043,0.0220344454714225,0.09343935867628662
442,735.7654592085784,0.028786545416915475,0.022034607377835715,0.09339608509432172
443,737.0529289122653,0.028786705865773376,0.02203472605444318,0.0932920723091079
444,738.5804211713738,0.02878692423386872,0.022034887794598435,0.09317977190522869
445,739.9095236740419,0.028787803807205505,0.022035539561408746,0.09333779519289026
446,740.573807447295,0.02878863531954719,0.022036155654572002,0.09356197083917384
447,741.7573355729417,0.028788748566888806,0.022036239506452206,0.0934546869082238
448,743.8950131424737,0.02878879688399787,0.02203627519979835,0.09320410433569609
449,745.3449895506119,0.028788967405888436,0.02203640096438656,0.09308633613576336
450,746.4993058994323,0.028789397528671934,0.022036717905232053,0.09310293942822777
451,747.6745636242696,0.02879059167061053,0.022037597525271013,0.09340300737833886
452,748.2427544650845,0.02879127726927125,0.022038102583702614,0.09358857744841001
453,750.6559503621243,0.028792288071956818,0.02203884856546083,0.09366709318558586
454,750.9663810666508,0.028793301484696648,0.022039596737992044,0.09400889317140251
455,752.8876215672024,0.02879336701195871,0.02203964522171763,0.09379366589041184
456,754.3223704717127,0.028793460441312962,0.022039714428737693,0.09365050482814655
457,755.8393089760378,0.028793756563103696,0.022039933834083827,0.09357446239836369
458,756.768248439951,0.028794218736486844,0.022040276143090756,0.09363447809675238
459,758.1017292464126,0.028794788546690302,0.022040697697818364,0.09368576468097031
460,758.9002382248924,0.02879516691710414,0.022040977373712484,0.0937307620027418
461,760.282366983512,0.028795221102815308,0.02204101736155692,0.09358096566895321
462,762.700033249691,0.028795387500950596,0.02204113994673496,0.09334778135780168
463,763.5930661728372,0.028796147614229526,0.022041699911883872,0.09352881854236038
464,764.3075227241802,0.028796643187648303,0.02204206508764431,0.09363077534732019
465,766.0875400998362,0.028796838473629505,0.022042209203506878,0.09348802576519509
466,767.2184721555395,0.02879714450908644,0.02204243534186312,0.09346761615317781
467,768.2814618065092,0.0287973473098457,0.022042585374411446,0.09341619898149715
468,769.6934072526244,0.028797437221636617,0.022042651967869847,0.09327943616668859
469,771.0708393136783,0.028797490024724457,0.02204269109028948,0.09313316032611926
470,772.961617565757,0.028797613699688304,0.02204278263923325,0.09295314088397318
471,774.1177446279405,0.02879813440147721,0.022043167637884137,0.093015859835455
472,775.0478470965805,0.028798945321079454,0.022043766580689416,0.09321848627353882
473,775.9997119631714,0.028799352510759876,0.022044067014743707,0.09326213124384064
474,777.2997485295925,0.02879944372398763,0.022044134240710892,0.09314160002511045
475,779.157076949189,0.02879950727914152,0.022044181064257807,0.0929443319475613
476,780.3489250041816,0.028799592848913893,0.02204424414297169,0.09283576270490429
477,782.1376643908121,0.02880027503029189,0.02204474789267184,0.09289022842134696
478,782.5979439460735,0.0288010237660375,0.022045301079158995,0.09312857532460266
479,784.2888226124655,0.028801176139393262,0.022045413856556745,0.09298754820420724
480,785.739089700715,0.028801698325249463,0.022045800688041232,0.09302106872227776
481,786.4611474505062,0.028802298330853442,0.02204624521605074,0.09317160580328218
482,787.46846381591,0.028802404613971128,0.022046323939044578,0.09309426957657574
483,790.0590923641196,0.028802530617299284,0.022046417056343175,0.0928387856037188
484,790.8316204679211,0.028802796482318784,0.022046613361308774,0.09285322281291881
485,792.4277076086046,0.028804001971831618,0.02204750209262458,0.09314383211844542
486,792.8886525626226,0.028805177411571146,0.02204836840919683,0.09355567965408992
487,794.4837918698931,0.028805349935487265,0.02204849551733347,0.09343637528851609
488,795.6065961561624,0.028805452876280904,0.022048571392569678,0.0933454628814465
489,797.2634700380356,0.028805514884987338,0.02204861716419567,0.09317619087856595
490,798.7075701662963,0.028805646469161113,0.022048714448213068,0.09306027268603555
491,799.6543362108977,0.028805766297063943,0.022048803124251,0.09299800266620813
492,801.604246462982,0.028806029116423555,0.022048997825057183,0.09287712270392968
493,802.5419848784181,0.02880701599055141,0.02204972887156331,0.09316460359149625
494,803.2430962042702,0.028807646719123947,0.022050195957194547,0.09333659908278508
495,804.7622391126617,0.028807780405632987,0.022050294835790636,0.09321420131786898
496,805.8616356670948,0.028807836922548277,0.022050336587733782,0.0931098062804416
497,808.1518149359938,0.028807930044045676,0.02205040523242994,0.09288357542572016
498,809.1977833633007,0.028808352208271253,0.022050716290355935,0.09293432143113861
499,810.0818048864071,0.028808854123874697,0.022051086105664426,0.09303620101312839
500,811.1843588465063,0.02880906283856429,0.022051239959026057,0.09299440018364365
501,812.7711083891094,0.02880919205057422,0.022051335339409627,0.0928653598182079
502,814.045913607511,0.02880942600919812,0.022051508280274818,0.09281515816857709
503,814.8705396258725,0.02880956641348978,0.022051612153680906,0.09277843752656775
504,816.7277377143947,0.028809607550592007,0.022051642624601527,0.09258426290546408
505,818.3806688663617,0.02880979567161081,0.022051781955568575,0.09247424240295199
506,819.2046421708238,0.028810087132088852,0.02205199772237475,0.09250061279263143
507,820.7218984438692,0.028810508147012446,0.02205230896224513,0.09250237644392455
508,821.7134541333794,0.028811854150726287,0.022053302941838968,0.09294376937969862
509,822.1977574934043,0.02881249587996472,0.022053776596792904,0.0931528365026939
510,824.5262938716297,0.028812530107740483,0.022053801818722282,0.09290387537377441
511,826.0392873765744,0.028812680837110347,0.022053912897202637,0.09279596460575447
512,826.9058109540807,0.02881289332131013,0.022054069559278616,0.09278657494879282
513,828.3401743004899,0.028813077999374093,0.022054205895472433,0.09270239280911739
514,829.4370109683093,0.028813268089333165,0.022054346391785343,0.09265863822828016
515,830.8958840533174,0.028813523927096032,0.022054535746053185,0.09260223705283835
516,831.7997776590706,0.028813773907387014,0.022054720871352757,0.09260557559883253
517,833.0036409091542,0.02881385082225228,0.02205477784652818,0.09250377650373712
518,834.6519151478255,0.02881388143520752,0.022054800509081204,0.09233387522829721
519,836.6935761875918,0.02881426241554176,0.02205508200784552,0.09226794832450994
520,837.3473350595315,0.02881529014715969,0.02205584085056853,0.09262619444959236
521,838.2490219927322,0.028815830286018525,0.02205623931975754,0.09275294390598354
522,839.4653948102824,0.028815986419155653,0.02205635440239474,0.09268408048181256
523,841.0363898290134,0.02881608862547342,0.022056429715825502,0.09255393296856723
524,842.0413542065264,0.028816156040569908,0.022056479410782218,0.09247185432580288
525,844.1661966073508,0.02881634344166564,0.02205661780645871,0.09231819319691896
526,844.8059939757637,0.028816618375536375,0.0220568209825735,0.09236441074268902
527,846.194769927694,0.028816718287189944,0.022056894916477787,0.09225509452630969
528,847.971717639512,0.02881739045652241,0.02205739278624828,0.09234676186667443
529,848.4892811809435,0.028818253877720964,0.022058032340372756,0.09265673390904829
530,849.8622743486978,0.0288185416376094,0.022058245397659455,0.09262932070100201
531,850.645448466004,0.02881865617563086,0.02205833015433637,0.09259275417499134
532,853.1631125833892,0.02881872727185895,0.02205838263309139,0.09234984350276688
533,854.095511719869,0.02881892550191335,0.02205852883208372,0.09233368073846966
534,855.286710244405,0.02881917931270988,0.022058715892823655,0.09231362376266505
535,856.4841174907916,0.02881957990951243,0.0220590110950177,0.0923561171991973
536,857.3107406026038,0.028819829922787032,0.022059195378016164,0.09237423655902946
537,858.9040264664757,0.02881990102669699,0.022059247849149647,0.09223341604572691
538,860.4106708960147,0.028820044586324808,0.022059353951069987,0.09213366846816505
539,861.1710982127154,0.028820153486930674,0.022059434497728448,0.09209920406571141
540,863.1897197719089,0.028820219886856492,0.022059483673996464,0.09191248236246233
541,864.3408239300695,0.028820390072401433,0.02205960972337624,0.09186362515339286
542,865.594664326516,0.028820813215452747,0.022059922960823087,0.09191369312213875
543,866.4237399040427,0.02882123858633523,0.022060237645624554,0.09201001724814184
544,867.693122611785,0.028821434323183806,0.022060382270052005,0.09196033192891312
545,868.6704942291316,0.028821505394166575,0.02206043473044617,0.09188773277961787
546,870.8469023257541,0.02882154478611749,0.022060463763266074,0.09167524045973341
547,872.1887508216132,0.02882176320028654,0.022060624727277493,0.09162944878495648
548,873.098978971282,0.02882225386561873,0.022060986462502902,0.09174812249757261
549,873.9083892353375,0.02882248999294913,0.02206116064176011,0.09176632263475623
550,875.9852851087803,0.02882284127929524,0.02206142028894435,0.09170261240308784
551,876.6008258330274,0.02882336742187592,0.02206180941062073,0.09186882829023778
552,877.6546983410335,0.02882348347878683,0.022061895316475063,0.09180944276101721
553,879.380951969791,0.028823519271530144,0.022061921826512513,0.09164495554943018
554,880.8346488479394,0.028823566552140623,0.022061956830785715,0.09151453131601518
555,882.3866966271964,0.028823741727668915,0.02206208636572104,0.09143085086156148
556,883.4303318387016,0.02882439525053119,0.022062569116473998,0.09161151061722195
557,884.1987431145948,0.02882501469948366,0.022063026350315987,0.09180575388419987
558,885.2723044796171,0.028825164641015213,0.022063136927341732,0.09176079147704069
559,886.8528019629163,0.028825204092967276,0.022063166002255313,0.09161475477405762
560,888.4755666738172,0.028825255286732555,0.022063203743019868,0.0914701663394842
561,889.7352942940907,0.028825363218336217,0.022063283382936897,0.09138867401931847
562,890.813132112528,0.028825478636627863,0.022063368634613535,0.09132950653136838
563,892.3864332601559,0.02882573500482214,0.02206355828306154,0.09128287995401414
564,893.1191175672942,0.028825999894973038,0.022063754345400147,0.09132628387454214
565,894.8862923208687,0.028826510843338853,0.022064132764958836,0.09137455791038482
566,895.397919674783,0.028827027242313633,0.02206451520244135,0.09155353815187721
567,896.6322515562027,0.02882707167915614,0.022064548094229038,0.0914474244592643
568,899.2215226683834,0.028827258453744883,0.02206468602283417,0.09126808128097914
569,899.8588846079375,0.028827763475796273,0.022065058744608745,0.09143066128148923
570,900.8497398605214,0.028828054107672172,0.022065273071085464,0.09146100348413214
571,902.2432075867524,0.02882831143625212,0.022065462725531552,0.09143583323667376
572,903.0996744426304,0.02882848667165006,0.022065591877173583,0.0914282463606232
573,904.7029027222814,0.02882855646248883,0.02206564335337609,0.09129779593101042
574,905.8299407582222,0.028828609493899746,0.022065682506005508,0.09120822149467896
575,907.6567294689676,0.028828739457333066,0.022065778625646237,0.09108363304180725
576,908.3335436450608,0.02882888254255708,0.022065884508284894,0.09108074971143935
577,910.1863340571798,0.028829009674991968,0.022065978660567896,0.09095320134512906
578,911.2349514859555,0.028829361815324566,0.022066239416582284,0.09100897690817693
579,912.3310456000356,0.028830342820825763,0.022066965428151265,0.09134713779027688
580,912.8239992467434,0.028830880412241692,0.022067363134430265,0.09154317071186548
581,914.7300969583756,0.028830906430603404,0.022067382348287173,0.09136431463329187
582,916.3550008086428,0.028830942949476895,0.022067409279805068,0.0912190372523107
583,917.8253775704268,0.028831107462163885,0.02206753053121509,0.09114839929846259
584,918.836535243529,0.02883177067458242,0.02206801937693631,0.09135278465148997
585,919.4483444396824,0.028832203957138612,0.022068338818984633,0.09149118821051713
586,921.1563955071548,0.028832288803733862,0.022068401451375955,0.09136061949395105
587,922.5006293066368,0.028832471565018947,0.022068536536569257,0.09131179090310028
588,923.2857198024222,0.028832613007424967,0.02206864115597446,0.09129944234118717
589,924.7734839334768,0.028832645537554446,0.022068665240681087,0.09116760243373741
590,926.551552784603,0.02883269616389961,0.022068702729434134,0.0910161041550895
591,927.8508589857536,0.02883295038048878,0.02206889085877778,0.09100658828453334
592,928.6636593289348,0.028833316460308785,0.022069161598100875,0.09109691855742201
593,929.8740928506478,0.028833557632866907,0.022069339758861432,0.09109046617967528
594,931.009211336628,0.02883377659760646,0.022069501345254615,0.09108133467111758
595,931.85274074552,0.028833854818409874,0.022069559032306504,0.09103533139851243
596,934.3853068372584,0.02883398883523332,0.022069657819692712,0.09085120013493653
597,934.9954248638464,0.02883424186588299,0.022069844380282297,0.09091020775430665
598,936.228649379283,0.028834362746425295,0.022069933580787987,0.09084704441431302
599,937.5329257119704,0.028834463442026753,0.022070007975066086,0.09076786262746074
600,939.0243008992184,0.028834794815302607,0.02207025312209391,0.09077928730829452
601,939.6609406145282,0.02883512266559103,0.022070495771190204,0.09087181656304097
602,941.1569996420424,0.028835235887012742,0.02207057961438463,0.09078064670489165
603,942.0523416433756,0.0288352930428046,0.02207062193653969,0.0907212891702287
604,944.1880358095729,0.028835332788112785,0.022070651329516792,0.09053484682698297
605,945.333562503046,0.028835453185786307,0.022070740273808672,0.09048204742746671
606,946.7658422047278,0.028837571462407764,0.022072303170815433,0.09134792126165069
607,947.0791830962548,0.028839763103376766,0.02207391982157582,0.09235552788515707
608,948.346646255045,0.02883986808645884,0.02207399721143678,0.09228187512069037
609,950.151612684644,0.028839939930810993,0.0220740501764969,0.09214070231915202
610,951.0332487338236,0.02884000665965524,0.022074099392948264,0.09208701583681146
611,952.7279886198506,0.02884004974217355,0.022074131213470724,0.0919437317766334
612,954.1297192695514,0.028840228221991056,0.02207426320672337,0.09189380191275498
613,954.8293089382166,0.028840402169636504,0.022074391917956633,0.09190951782676583
614,956.6754793432898,0.028840614317542587,0.02207454901296888,0.09183363132418504
615,957.5100525964236,0.02884107579905379,0.022074890716914874,0.09197452506591865
616,958.414593390136,0.028841344821974778,0.022075089844337495,0.09201663833694138
617,959.459168807068,0.028841398731532585,0.022075129719023662,0.09194232066762843
618,961.6695724741928,0.02884142499180845,0.02207514910411037,0.09174361751267712
619,963.1820866713116,0.028842110246462768,0.022075654404406838,0.09192956230578456
620,963.5670401916124,0.028842926575955097,0.022076256252440085,0.092286129838139
621,965.0555796237512,0.02884309280426855,0.022076378784141194,0.09222399390794805
622,966.1107548184102,0.028843236917591115,0.0220764850530097,0.09219288264322341
623,967.3711537662628,0.028843320768530918,0.022076546938473423,0.09211332098230086
624,968.6363019060872,0.028843374284645104,0.022076586480423408,0.09201892943970405
625,970.1256105569412,0.02884343791157259,0.022076633552859264,0.09190852771692441
626,971.0714914863858,0.028843487708826332,0.022076670414988873,0.09184318174113312
627,973.1853612943012,0.028843700742417416,0.022076828142708695,0.09174734846924264
628,973.8730789926536,0.02884426410344625,0.022077245131393922,0.09195688059868255
629,974.7746350658374,0.02884456902942092,0.02207747070006255,0.09202044799688963
630,976.1785024205896,0.028844779914028673,0.022077626513357686,0.09199104156651536
631,976.9172021170506,0.028844892407887197,0.022077709574340174,0.09197643079409006
632,978.766671535113,0.028844911449383115,0.022077723615168052,0.09181195148339631
633,980.5780006397744,0.028845050871236965,0.022077826391163142,0.09171071295808389
634,981.288615301759,0.028845334527425635,0.02207803553397671,0.09178347361951934
635,982.396485168779,0.028845502199220743,0.022078159239621517,0.09176232751398583
636,983.5750760064312,0.02884559339450855,0.022078226587744484,0.09169721996995311
637,985.1869286557734,0.02884574326486585,0.022078337425441116,0.09162102041343785
638,986.1305151101844,0.028846111512301712,0.022078609947327958,0.09171492220940972
639,986.756008407656,0.028846268643701458,0.022078726268787877,0.09173431037018905
640,988.9926223706574,0.028846295655071446,0.022078746264908904,0.09154020959055008
641,990.223917804028,0.028846373706201914,0.022078804003997088,0.09146502783596558
642,991.3742941477616,0.028846516280865174,0.022078909374436517,0.09142956559109237
643,992.7286963367328,0.02884731767786487,0.02207950094026191,0.09170261116938899
644,993.214580957443,0.028848101845378844,0.022080079564436125,0.09204717328137131
645,994.4045905710944,0.028848175530924246,0.0220801338968659,0.09197365653859285
646,996.2053361642984,0.028848204270101666,0.022080155083441855,0.09182171957589166
647,997.5119347519392,0.028848251125037767,0.022080189644209856,0.091724815383622
648,998.8275471369296,0.02884834465724121,0.02208025870385666,0.09165071071185782
649,999.7915715574128,0.028848439756522737,0.022080328980731218,0.09160987851130513
650,1001.3494826377828,0.028848559769801257,0.022080417779115524,0.09152743843732483
651,1002.4043054883916,0.028848825352345432,0.022080614389862717,0.0915642353472699
652,1003.2678081794533,0.02884901522602278,0.02208075497676711,0.09158067401219216
653,1004.6750441211728,0.02884910969751645,0.02208082490502159,0.09149985467953188
654,1005.5434203043784,0.028849152646723174,0.022080856680440124,0.09144243006786032
655,1008.0067043070636,0.02884924036426201,0.022080921443396517,0.09126318051135053
656,1008.7957099007424,0.02884954899669515,0.022081149168376425,0.09134747475877796
657,1009.8065907469646,0.02884998780107964,0.022081472746214022,0.09147758394054611
658,1010.569757011061,0.028850207537855593,0.022081634741264868,0.09151953121629063
659,1012.4100425157616,0.028850358319317728,0.0220817459269999,0.09142950000587945
660,1013.058638098409,0.028850493554082937,0.022081845683374096,0.09143946403147296
661,1014.6896326223704,0.028850527381857043,0.022081870668304623,0.09130964817226728
662,1016.0601789426472,0.028850572819014025,0.02208190426745894,0.09120956558701815
663,1017.2664023643554,0.028850630615070982,0.022081947040680252,0.09113081086445936
664,1018.6055725186202,0.028850709660203484,0.02208200556496861,0.09105125826163356
665,1019.912439743944,0.02885091735080806,0.02208215931003626,0.09104050265682662
666,1020.9174750172637,0.028851491739804613,0.02208258428960161,0.09124408040475959
667,1021.5443444999048,0.028851832128440905,0.02208283602401396,0.09136194966721202
668,1022.8852709117164,0.028851860127425227,0.022082856707199883,0.09125650083304189
669,1025.2657241977276,0.02885202283502296,0.02208297669450702,0.09112803154266826
670,1025.7079443714629,0.028852249575550434,0.022083143873640985,0.09120502772629463
671,1027.4676935155878,0.028852498140620714,0.022083327140556937,0.09117651673142703
672,1028.1289642554975,0.028852847430639324,0.02208358474007478,0.0912974315650069
673,1029.227297443961,0.028852947529519005,0.022083658614438405,0.09125151636904891
674,1030.8973687905966,0.02885303980005459,0.02208372680705291,0.09115124809118846
675,1031.8331802974078,0.028853171339523483,0.022083824095122745,0.09113644272463564
676,1032.8128830351588,0.0288532227600209,0.022083862149982977,0.09107654665661474
677,1034.6129155295207,0.0288532443511492,0.022083878135375334,0.09092925977400067
678,1036.1959173580549,0.028853369523480468,0.022083970758297055,0.09085519822091997
679,1037.0247076462815,0.028853653969932114,0.022084181120017185,0.09093007576753763
680,1038.0877522406188,0.028853922562668676,0.022084379583332762,0.0909763710739641
681,1039.0774014368967,0.028854089314905077,0.0220845026931303,0.09097635664727788
682,1040.2640379376958,0.02885414842742052,0.022084546297662162,0.09090332559682084
683,1041.6215280145425,0.028854169375243502,0.022084561741698767,0.09079576596942401
684,1043.6239543496215,0.028854248405505392,0.022084620027589184,0.09066279290023903
685,1044.5149758290788,0.028854629635925364,0.02208490134259899,0.09078455366722278
686,1045.107042352978,0.028854863160697904,0.022085073741226067,0.09085515227502108
687,1047.0898174842948,0.028854974411864173,0.02208515600766924,0.09074135344579129
688,1047.9871474896004,0.028855220461428844,0.022085338065306936,0.09079258536034988
689,1048.953785194686,0.02885540337918851,0.02208547346976991,0.09080485383393311
690,1049.9962842565933,0.028855464131226062,0.022085518447588458,0.09074659206235794
691,1051.576571843205,0.028855482234914038,0.02208553184420696,0.09061973866439892
692,1053.2457851583858,0.02885551564308419,0.02208555653650639,0.09049371548463762
693,1054.7810394782814,0.028857623098731848,0.022087112189646603,0.09147345250062028
694,1055.0021464756858,0.028859913475762927,0.02208880258548986,0.09266245813838928
695,1056.6888473638282,0.028860456410725245,0.022089202924513992,0.09280140580586713
696,1057.1000436596178,0.028860849414348737,0.022089492680945077,0.09297302955062055
697,1059.133769106897,0.02886088946733973,0.022089522221518783,0.09281571551962606
698,1060.139518561608,0.028860939053530363,0.02208955881581183,0.09275394582586276
699,1061.5013044650684,0.028860975412432408,0.02208958567785181,0.0926542505378284
700,1062.9153815078805,0.028861034571773813,0.02208962943416649,0.09256242624671102
701,1064.0715510717184,0.028861149486574443,0.0220897144854947,0.0925229911131337
702,1065.121855106293,0.028861276055538114,0.022089808187421754,0.09249916098797958
703,1066.463223469243,0.028861463148307558,0.022089946669786874,0.0924825818664117
704,1067.4188601209646,0.02886183231323517,0.022090219788397904,0.09259681108927609
705,1067.9900000790426,0.02886197519166395,0.022090325452820293,0.09262358852689742
706,1070.5350419968292,0.028862002949753086,0.022090345939230323,0.09241824737521351
707,1071.6186232150894,0.0288621352383107,0.02209044350812791,0.09239567890932937
708,1072.5439980111216,0.02886235041916565,0.022090602164367777,0.09243135680246792
709,1073.5703531650938,0.028862505725524644,0.022090716672094078,0.0924263567095722
710,1074.747771044311,0.028862585770987038,0.022090775713531605,0.09236811526044937
711,1076.2666255941774,0.02886272246547686,0.02209087664313072,0.09231132292596697
712,1076.9240560657545,0.028862830617919714,0.022090956541513142,0.09231320557380729
713,1078.6471984809564,0.028862862136000013,0.022090979856698934,0.09218273337518788
714,1079.8099654292591,0.028862899156421092,0.022091007258246923,0.09210345616770117
715,1081.1710023434678,0.028862935820230973,0.02209103440032943,0.09200733125145519
716,1082.9527497230697,0.028864153276537886,0.022091935069964885,0.09251517851234835
717,1083.2954665140855,0.028866063203318065,0.022093347708900472,0.09352041767768093
718,1084.18326431043,0.02886631127426138,0.022093531066459112,0.09357831445869697
719,1085.6478312086394,0.028866354419891303,0.022093562918946073,0.09347549538600254
720,1086.9119989898252,0.028866375144493417,0.022093578206204875,0.09337803863165367
721,1088.7557246748088,0.028866413855678213,0.022093606747971842,0.09324098348405756
722,1089.7953379240748,0.028866526239787048,0.02209368962769214,0.09321327384415347
723,1090.8631910262488,0.02886670910977945,0.022093824564181876,0.09322176985428926
724,1091.7284729669368,0.028866822256659708,0.022093908105644967,0.09320964701043413
725,1093.440873272369,0.028866930722955653,0.02209398830143606,0.09312297532740584
726,1094.284457523754,0.028867083398710705,0.022094101249710733,0.0931347221651649
727,1095.4330847586614,0.028867171996004522,0.02209416682803111,0.09308559104127499
728,1096.4019177947423,0.028867202712138034,0.02209418956677953,0.0930201747899271
729,1098.84101546665,0.028867343812992437,0.022094293924011646,0.0928912216042186
730,1099.3606671785717,0.028867615171013175,0.022094494542480306,0.09299647348028763
731,1100.5744606224623,0.02886775441378459,0.022094597386300995,0.09297053375034482
732,1101.839111168756,0.028868022331138804,0.02209479508248034,0.09301142651945046
733,1102.5517798999176,0.028868242388412298,0.02209495739712873,0.09307261797715748
734,1103.7322971745468,0.0288682798215144,0.022094984997875013,0.09299372850480908
735,1105.617188830762,0.028868305869866835,0.022095004210840746,0.09284958956888009
736,1106.7743716758328,0.02886837040808459,0.022095051846724188,0.09278822573828305
737,1107.7745319550102,0.028868436345034335,0.02209510055260388,0.09274097302676886
738,1109.1589188567664,0.028868494981941623,0.022095143913050532,0.09265773803189088
739,1110.4441429936132,0.028868617137338633,0.022095234312149915,0.09261831967882826
740,1111.4435047649,0.028868813366922395,0.02209537957038096,0.09264409037493158
741,1112.4329954080763,0.02886897160292524,0.02209549670072944,0.0926496984908474
742,1113.397595114802,0.02886902490212819,0.022095536141455062,0.09259910239197708
743,1115.065359461567,0.028869038360210063,0.02209554608950538,0.09246810846783174
744,1116.7872538812146,0.028869079245828547,0.022095576270864548,0.092348368775963
745,1117.9659196691996,0.028869371681925507,0.022095791985672214,0.09241447318778381
746,1118.6841348610185,0.02886989282740099,0.022096176298347252,0.09264664009159851
747,1119.473247426179,0.02887007074083711,0.02209630748121729,0.09268091850245481
748,1121.1559376758105,0.02887011482845384,0.022096340001120734,0.09256653261966852
749,1122.4586213568805,0.02887022785524826,0.022096423438966527,0.09252253731114375
750,1123.1011173878092,0.028870302957724175,0.022096478907849854,0.09251178149440323
751,1125.3147293978466,0.028870430095976864,0.02209657296230473,0.09240133641294565
752,1125.7634424292526,0.028870577993857484,0.022096682400426997,0.09244775560625715
753,1127.6580235272156,0.028870689586473788,0.022096765005153663,0.09235535306513853
754,1128.4302246138927,0.028870885417448828,0.022096909941392323,0.09240264378155688
755,1129.7289967770655,0.02887118614200512,0.022097132364039575,0.09246628344051899
756,1130.3915978962316,0.02887143283049292,0.022097314735298156,0.09255150984623295
757,1131.495085561917,0.028871464438429462,0.022097338082214008,0.0924791313407361
758,1133.7086256694563,0.028871487394589397,0.022097355014234828,0.09231158075716861
759,1134.8856545915332,0.028871643359726473,0.02209747001734812,0.09230434255923692
760,1135.5622139754776,0.028871820594992225,0.02209760070792366,0.09234997918451686
761,1136.9292934809696,0.028871903916756515,0.02209766217758406,0.09228630015431619
762,1138.1515897798056,0.02887203349580251,0.02209775784936788,0.09226093134660059
763,1138.9923418204935,0.028872123811726023,0.022097824575480363,0.09224426313031321
764,1140.7218481719033,0.028872256067487865,0.02209792240890385,0.09217984044929925
765,1141.2610229641368,0.02887237244115015,0.022098008518674123,0.0922026975878704
766,1142.8586596078565,0.028872387478903985,0.022098019650018487,0.0920823976668954
767,1144.7822995186257,0.028872487502005578,0.022098093647891857,0.09198491895894664
768,1145.4853275171172,0.028872729297413215,0.022098272451585865,0.0920669508809924
769,1146.576814924867,0.02887296296297625,0.02209844510287063,0.09211326524131162
770,1147.5017765233192,0.02887313259126937,0.022098570348892288,0.09213634031802038
771,1148.615277208834,0.02887319129623154,0.022098613662045897,0.09208073541433241
772,1149.9826010281072,0.02887321204982501,0.022098628966192083,0.09198318499774147
773,1151.5628147236732,0.028873233302549893,0.02209864463979971,0.09186919946617027
774,1152.9431285305898,0.028873307816157982,0.02209869962899992,0.09180216782465632
775,1153.890303716271,0.02887347718807317,0.02209882470465575,0.09182452999439289
776,1154.6975195353823,0.028873571347623438,0.022098894281723375,0.09181470101671979
777,1156.6215678338726,0.02887371026168012,0.022098997061260783,0.09174230211311912
778,1157.432314575611,0.028874219963487876,0.022099374298212224,0.09197301209918002
779,1158.001609027295,0.028874480840996652,0.022099567398236514,0.0920788448252157
780,1159.4806570190224,0.028874498259815532,0.022099580289197545,0.09197148629564188
781,1161.3966446343782,0.028874520934147736,0.02209959705137887,0.09183292538371263
782,1162.487528602005,0.0288745831065856,0.022099642974749336,0.0917828862670634
783,1163.7010316827786,0.028874732772622775,0.02209975342894107,0.09177425869376521
784,1164.7375863512275,0.028875224267301988,0.02210011595649883,0.09197881568761786
785,1165.2712277064577,0.028875526171408678,0.02210033860275934,0.09211259367992175
786,1166.9436134095288,0.028875562387680367,0.022100365311560444,0.0920017152357554
787,1168.0862716101387,0.028875590581753693,0.022100386114046196,0.09192818286394731
788,1169.698356884885,0.028875642558563935,0.02210042450649738,0.09183188549256238
789,1170.4636385782835,0.02887569659508361,0.022100464443624325,0.09180346714722334
790,1172.1206818656956,0.02887573821994043,0.022100495240414512,0.09169807799288623
791,1173.3056877640483,0.028875863812720427,0.022100588198765165,0.09167914487610689
792,1174.2327668564562,0.028876053702704456,0.022100728749811033,0.0917182499892305
793,1175.2154523959507,0.028876170373679986,0.02210081508366129,0.09171011427944091
794,1176.6328758097884,0.028876344826739172,0.022100944072075916,0.09170226988638724
795,1177.1063044216562,0.028876447671452712,0.02210102008839575,0.09172591710077936
796,1179.701223501934,0.028876485010034262,0.022101047636791826,0.09154617720956108
797,1180.6535437870843,0.028876762877520685,0.022101252567675398,0.09163636831042218
798,1181.26731815168,0.02887703243766177,0.022101451348626833,0.09174796631572628
799,1182.5822703469205,0.028877118402850437,0.0221015147502946,0.09169677919174972
800,1183.7127752959743,0.028877179645788852,0.02210155994137467,0.09164545120866824
801,1185.1558428474657,0.02887727652130497,0.022101631496176503,0.09159126832393905
802,1185.875358695357,0.028877356333389465,0.022101690479430322,0.09158302000576085
803,1187.3451614932674,0.02887737647572661,0.02210170537968699,0.09148160824912174
804,1188.8564442982292,0.028877404102434067,0.0221017258274636,0.09138173827269032
805,1189.9636364979183,0.028877445079003715,0.022101756155290826,0.09132109317945536
806,1191.4826059264135,0.028877611773588704,0.022101879456239613,0.09130397875056102
807,1192.2186114781016,0.028877918715425416,0.0221021063889156,0.09143058396904845
808,1193.3240214274551,0.028878290812493095,0.022102381270194267,0.09156790544467609
809,1193.857427135437,0.028878458366983408,0.022102504999745608,0.09162701175934246
810,1196.0346717486711,0.02887847657937018,0.022102518432373736,0.09147110656699542
811,1197.071786658822,0.028878504117076955,0.022102538739604223,0.09140834045516852
812,1198.6865691046305,0.02887861574986921,0.022102621092508455,0.09135210823317992
813,1199.356513707894,0.028878784376654178,0.02210274553463841,0.09140220199407857
814,1200.53269203122,0.028878858983137606,0.022102800636255467,0.09135743777371849
815,1201.810334856606,0.028878918392189926,0.022102844554820967,0.0912960150267228
816,1203.1373508614254,0.028879052197435848,0.022102943550149863,0.09127581195681929
817,1203.855247594097,0.02887917752719925,0.02210303630029586,0.09129682078017823
818,1204.9854921714664,0.028879201538921127,0.022103054072581122,0.09122565366346773
819,1206.870499793853,0.02887921496612881,0.02210306400488934,0.0910912710246756
820,1208.471459949531,0.028879480781843558,0.02210326042332145,0.09113121040995682
821,1208.989484167939,0.028879994623775232,0.022103639969510498,0.09140277757904801
822,1209.898030087546,0.028880151784089265,0.022103755980763414,0.09142921469683941
823,1211.4161158927982,0.028880269897615746,0.022103843101013956,0.0913861825260414
824,1212.1131530663197,0.028880356385029532,0.02210390688330174,0.09138604630921444
825,1213.598372680368,0.028880372023253123,0.022103918417505784,0.09128369597887644
826,1215.3899750650455,0.028880420845527166,0.02210395445981414,0.09117880403761286
827,1216.1837220334671,0.028880519072675935,0.022104027015281757,0.09117902698141761
828,1217.1744824977388,0.028880566906187507,0.022104062373005672,0.09113391958879642
829,1219.050028177406,0.028880744863805822,0.022104194054690423,0.09110217690971813
830,1219.6144713108586,0.028881026404663585,0.02210440241765923,0.09123170008826743
831,1220.816347690978,0.028881168241442618,0.022104507392403307,0.09122846211721747
832,1221.6922424831437,0.028881246029723306,0.022104564950727948,0.09121057235920725
833,1222.9524840951085,0.02888126135105547,0.022104576280036443,0.091125949311226
834,1225.0183300241686,0.028881293513196515,0.022104600027456133,0.09099197597814332
835,1225.8550207607957,0.02888136684641768,0.022104654145259906,0.0909748185938467
836,1227.231827641491,0.028881591051556542,0.022104819506577607,0.09101033162555389
837,1227.9171416144,0.028881918283473862,0.022105060830536188,0.09116044463868996
838,1228.793154362981,0.028882008069610724,0.02210512704999344,0.09115062020881058
839,1230.5846031542492,0.028882048303106398,0.022105156746299048,0.09104268118700336
840,1231.562273877645,0.028882111344845657,0.022105203308234938,0.09100922724353237
841,1232.5295870405978,0.028882141904493695,0.022105225895027447,0.09095663427233869
842,1234.2778166534315,0.028882163518135245,0.02210524188628024,0.09084114202645126
843,1235.502548526521,0.028882231212635313,0.022105291987530813,0.09079291117598715
844,1236.399017465779,0.028882312624191196,0.022105352238847298,0.09077740905838401
845,1237.9772985135812,0.02888269466656223,0.02210563481502798,0.09089815805799473
846,1238.457232795662,0.028883172859024465,0.0221059884070833,0.09115904317043165
847,1239.4908071467958,0.028883245111311764,0.022106041794990577,0.09112780639817732
848,1240.8134717852165,0.02888325777809848,0.02210605114591349,0.09103852584057152
849,1243.078076398021,0.028883374933187222,0.022106137549037383,0.09094549089238733
850,1243.5381465261144,0.02888357523131893,0.022106285265855702,0.09103638311585
851,1244.851433966984,0.02888369527619494,0.02210637381791417,0.09101506101575707
852,1245.655866188148,0.02888378146182948,0.0221064374165922,0.09100996322005815
853,1247.3725619698555,0.028883891934101208,0.022106519028814362,0.09095361086111306
854,1248.0630610532082,0.028884036564270535,0.022106625927937672,0.09099354397910986
855,1249.159887953003,0.028884079350370722,0.022106657573987217,0.09094037029208753
856,1250.672397275678,0.02888410556494766,0.022106676974304955,0.09084678385215968
857,1251.6598320042713,0.028884124635532575,0.022106691088259495,0.0907870497479994
858,1253.6735778521072,0.028884197276418184,0.022106744809972184,0.09068675467068432
859,1254.4313284217735,0.028884422198725616,0.02210691107147684,0.09077304933461657
860,1255.4082306452908,0.02888470850260446,0.022107122560231104,0.09088212798160213
861,1256.1812141984608,0.028884860702633006,0.022107234928368018,0.09092179963435514
862,1257.541219412644,0.028884895389277875,0.022107260518129043,0.09084527950631006
863,1258.779233488595,0.02888491340862542,0.022107273807570316,0.09076727402676858
864,1260.3445483161854,0.02888493249012197,0.02210728788344038,0.09066656808828692
865,1261.61171716148,0.028884986175029884,0.02210732750997872,0.09060936691322621
866,1262.556614000356,0.028885065051767893,0.02210738576795431,0.09059134808258125
867,1263.6767328438618,0.028885124720230033,0.022107429873436422,0.09054874904317678
868,1264.9572230069998,0.02888518361290412,0.02210747343859561,0.09049433677063314
869,1266.179037760562,0.028885295608421718,0.022107556320248974,0.09047791636691416
870,1267.2003456118457,0.028885712763282702,0.022107865044499565,0.09066930457125749
871,1267.57057177944,0.02888593672942811,0.022108030785428442,0.09078476876845407
872,1270.118921886493,0.02888595488493264,0.022108044204058173,0.09061414921432595
873,1271.13429963161,0.028886028579379063,0.022108098632496905,0.09058860471736523
874,1272.083959599333,0.028886134682594614,0.022108176948501417,0.09058846292344101
875,1273.2611446334558,0.028886269374582076,0.02210827630955114,0.09059045901914785
876,1274.1962208894804,0.02888641565456137,0.022108384195524088,0.090617173400331
877,1275.0920303158405,0.02888647040146798,0.02210842457388974,0.09058841444316094
878,1276.8421715555698,0.028886498256630283,0.022108445131713707,0.09048203009684429
879,1277.7630919863468,0.02888652781386563,0.022108466958283703,0.09043570068320707
880,1279.3328433167082,0.028886566999131977,0.022108495925970667,0.09034980087934152
881,1280.155794409023,0.02888660822807841,0.022108526419519638,0.09031810904372069
882,1281.8287269597,0.028886662888991756,0.022108566871170604,0.09023526658965177
883,1283.0004913866997,0.028887440788723285,0.022109142533909273,0.09065187765986528
884,1283.3350321388791,0.028888145499945804,0.02210966399413874,0.09108043682779612
885,1284.8547951546216,0.028888212834158534,0.022109713784580504,0.09101596163060008
886,1285.6950233311386,0.028888246634131292,0.02210973876446869,0.09097820905687756
887,1287.4100266170751,0.028888255377659624,0.022109745218899395,0.09086264210156313
888,1289.165351532773,0.028888321753496104,0.022109794178654045,0.09078170843395034
889,1290.1047715198074,0.028889339553799045,0.022110544839189547,0.0913721382202702
890,1290.4177080730426,0.028890165115979173,0.02211115372879815,0.09188263985847551
891,1291.9458709680832,0.028890202902744782,0.022111181611072003,0.09179836679607309
892,1293.4939815574176,0.02889030655845888,0.022111258168302787,0.09175553749718252
893,1294.1184743778483,0.028890418561664414,0.02211134092641204,0.09178373245118694
894,1295.3653635053583,0.028890443588640447,0.0221113594335544,0.09171159306699402
895,1296.8011109923473,0.028890457899695684,0.022111370023061985,0.09161933428891708
896,1298.2565270678897,0.02889048416259917,0.022111389458535895,0.09153367203477142
897,1299.405171250744,0.02889054835947275,0.022111436951454264,0.09149446726209412
898,1300.4900189824475,0.02889067386566096,0.022111529748576,0.09149975384250893
899,1301.495516680575,0.028890867919806044,0.022111673134073785,0.09155534410435555
900,1302.346742379247,0.028891011613800453,0.022111779247140036,0.09158907241368557
901,1303.2732002287942,0.028891043134917402,0.02211180251116477,0.09154450480419504
902,1305.4016721880043,0.028891059162542816,0.02211181433233121,0.09140570171601259
903,1306.5083933129688,0.028891128333502127,0.022111865355554414,0.09137345972076906
904,1307.2672421078023,0.028891193741284293,0.02211191361579959,0.0913631715458494
905,1308.9881965176437,0.02889140333556654,0.022112068416666224,0.09138023269665438
906,1309.421532493256,0.028891622373405056,0.022112230240041802,0.09149339805264217
907,1311.056570511112,0.028891688266255253,0.02211227897173918,0.09142248991764466
908,1311.9669406080493,0.028891774850573915,0.022112343032288897,0.09141585000420119
909,1313.0315993690197,0.02889182595937641,0.022112380854528862,0.09137528010234845
910,1314.052565651726,0.028891842522065777,0.022112393110658768,0.09131516728843302
911,1316.212112602854,0.028891872320580866,0.022112415139897795,0.09118495446138487
912,1317.07298603483,0.028891968706151478,0.02211248635460692,0.0911888270094454
913,1318.171279132165,0.02889216993801214,0.02211263492689181,0.09124547802639255
914,1318.9478805965664,0.028892370287174635,0.022112782781570448,0.09132387741694195
915,1319.9310828775365,0.028892427944798803,0.02211282531485376,0.09129390330638022
916,1321.6281385519123,0.028892480231045063,0.02211286388094999,0.09121122754512724
917,1322.2580671233911,0.02889252158606373,0.022112894388827846,0.09119511519069476
918,1324.2249787188443,0.028892546207096702,0.022112912570237807,0.09107596221103312
919,1325.2376243589824,0.028892632264166232,0.022112976162227398,0.09106339193989799
920,1325.9819696304462,0.02889269619562409,0.022113023427238074,0.09105465912757325
921,1327.6352811084575,0.02889273620388307,0.022113053029045492,0.0909678264543188
922,1329.0435179965186,0.028895618890120753,0.022115186276725273,0.09278704615210463
923,1329.2050187854836,0.028898587375630537,0.022117382986255152,0.09474863555797401
924,1330.4299371204593,0.028898633511390565,0.022117417116012988,0.09469209129762662
925,1331.8275913852851,0.028898643452665622,0.022117424464724762,0.09459933900502257
926,1333.6735226102849,0.028898662011427358,0.022117438166970656,0.09448078017291461
927,1334.7473290516898,0.02889873417095658,0.022117491412587842,0.0944529276046688
928,1335.6949745260022,0.02889885912944161,0.022117583588006532,0.09446936860368658
929,1336.6901846533858,0.02889897770636033,0.02211767104774924,0.09447828334174417
930,1337.68879180967,0.028899044546822683,0.02211772035626416,0.0944524595909014
931,1338.9231645986704,0.028899072849541584,0.022117741246498703,0.0943843300767632
932,1340.4264004573,0.02889911863331018,0.022117775071463116,0.09430916662703975
933,1341.1662722529263,0.028899160875262536,0.02211780629493891,0.09428546649503346
934,1342.6085078837768,0.028899174702052336,0.022117816523157183,0.09419346663974935
935,1344.1560440035958,0.028899203392860374,0.022117837754662292,0.09410430351644036
936,1345.4771062613986,0.028900047731974424,0.022118462460843483,0.09457992636946677
937,1345.7314132554184,0.028900880049701812,0.022119078219997312,0.09512209144368855
938,1347.5194717508998,0.02890109443577369,0.02211923667611148,0.09514031619940068
939,1348.0172380187364,0.028901315695727934,0.022119400159517893,0.09525431600487369
940,1349.0851940140476,0.028901336916804864,0.022119415828328416,0.09519322578750704
941,1351.2962063740968,0.028901355684811933,0.02211942967245763,0.09505014968649388
942,1352.2104651591756,0.028901409246394068,0.022119469179098548,0.09502209749235323
943,1353.4833383582643,0.028901716251375612,0.02211969568430555,0.09514049776932869
944,1353.8867819716963,0.028901971251190147,0.02211988385165955,0.09528476739300691
945,1355.6805953206365,0.02890202095179292,0.022119920564508497,0.09519237729641722
946,1356.605655709808,0.02890209705889222,0.02211997681734244,0.09517908991407509
947,1357.7717428285794,0.028902189549590805,0.022120045225099482,0.09516013845319903
948,1358.4601603991591,0.028902236281455992,0.02212007979863726,0.09514365649308196
949,1360.3931447621912,0.028902250969976315,0.022120090667603,0.09501845783214974
950,1361.3930747136396,0.028902272039602096,0.02212010625395577,0.09496300972373437
951,1363.0223286032808,0.028902352936796105,0.02212016604580015,0.09490463046644906
952,1363.8791907971345,0.02890267630426215,0.02212040491623265,0.09506552338661386
953,1364.576584896754,0.028902970075688886,0.02212062182763215,0.09521737508548046
954,1365.4937335512952,0.02890303417288203,0.022120669130851922,0.0951971834679492
955,1367.1040909700082,0.02890304990334643,0.022120680733994615,0.09509580012904846
956,1368.3301933079858,0.028903065819828752,0.022120692475019806,0.0950214783407425
957,1369.686949077343,0.02890308702307804,0.02212070812361205,0.09494187486661623
958,1370.9735227677836,0.02890315851918613,0.022120760929512793,0.0949017874428071
959,1371.6865535528275,0.028903231126266755,0.022120814580855838,0.09490225263326818
960,1373.2029145623733,0.02890328641900215,0.02212085547454788,0.09483542078165447
961,1374.1547986586406,0.02890336815463184,0.022120915947641984,0.09482588650925998
962,1375.3023923447488,0.02890346104059164,0.02212098468188431,0.09481063408694095
963,1376.1617799936191,0.02890352931367441,0.02212103519792809,0.09479840400445293
964,1377.1776336421046,0.028903543874804434,0.022121045968122848,0.09473850406970089
965,1379.683283028613,0.028903657408982195,0.022121129818979766,0.09464476963473302
966,1380.1485784416925,0.028903924779505666,0.02212132722908537,0.09479736718554102
967,1381.0739771492056,0.028904037255841977,0.022121410233457973,0.0948115165978794
968,1382.3456629784737,0.028904117152562445,0.022121469170325737,0.09477951740303342
969,1383.2975910079465,0.028904185312036937,0.022121519446377778,0.09476143649475645
970,1384.4444158477602,0.028904218307389175,0.022121543790493796,0.09470577958736852
971,1385.663777011193,0.0289042346110302,0.02212155582625831,0.09463373575447023
972,1387.3266476634894,0.028904282387053816,0.022121591132438875,0.09455344681057894
973,1387.9214541271128,0.02890433314439838,0.022121628655570057,0.09454814867239045
974,1389.565831798394,0.02890435799190275,0.02212164703853924,0.09445352636677523
975,1390.7054902864277,0.028904414599774674,0.022121688926749854,0.09441548582108122
976,1391.8532004432698,0.02890457174408589,0.022121805192098276,0.09444699254532019
977,1392.6440277885486,0.028904791454934513,0.022121967702114127,0.09454634936201223
978,1393.4334017407937,0.028904866711889323,0.02212202334395631,0.09454522205097032
979,1394.8841846756804,0.028904877046246422,0.022122030977872565,0.09445409562931686
980,1396.5441631236824,0.028904888072782138,0.022122039115344733,0.09434952389934474
981,1397.8346233213872,0.02890492781980484,0.022122068435797816,0.09429020170366471
982,1398.8376752013858,0.028905029639638875,0.022122143542100767,0.09429380460059983
983,1399.8394729412064,0.028905245544247934,0.022122302834443493,0.09437743897913917
984,1400.4269462973944,0.028905357861841785,0.022122385720100092,0.09441649433335311
985,1402.564347250066,0.028905531688000807,0.022122514155103017,0.09439451200861332
986,1402.973747640919,0.028905768860414432,0.022122689440063285,0.09453334019492907
987,1404.0062921705228,0.028905798256678192,0.022122711178570464,0.09448445406986934
988,1405.6669750592469,0.028905808071043985,0.022122718440449315,0.09437972612465302
989,1407.0851427764364,0.028905832681049234,0.02212273664934089,0.09430191722742733
990,1408.1363074961896,0.02890588780656526,0.02212277742270263,0.09427033357639172
991,1409.320681079839,0.028906043372213176,0.022122892414370796,0.09430073104977382
992,1410.024810725802,0.02890620435774159,0.02212301136027644,0.09436713653100404
993,1411.2570568157066,0.028906297053682854,0.0221230797976489,0.09435014830712277
994,1411.965653461773,0.028906338356769066,0.022123110280336398,0.09433195784595581
995,1413.843148788569,0.028906345972125085,0.022123115897776015,0.09421207436246429
996,1415.585784795495,0.028906992827581867,0.022123593190143915,0.09455393572935634
997,1415.781581303283,0.028907736928745743,0.022124142279131148,0.09506760175334725
998,1417.1028229338226,0.02890777006462757,0.02212416674762169,0.0950024435636057
999,1418.6969638524522,0.02890784934315353,0.0221242253471659,0.09495192869866219
1000,1419.4224809459956,0.028907977381890437,0.022124320026847468,0.09499426594761168
